{"profile":"tabular-data-package","resources":[{"profile":"tabular-data-resource","encoding":"utf-8","schema":{"fields":[{"name":"Office","type":"string","format":"default","constraints":{}},{"name":"Lat","type":"number","format":"default","constraints":{"required":true,"minimum":"-90","maximum":"90"},"title":"Latitude"},{"name":"Lon","type":"number","format":"default","constraints":{"required":true,"minimum":"-180","maximum":"180"},"title":"Longitude"}],"missingValues":[""]},"format":"csv","mediatype":"text/csv","sources":[{"title":"","path":"","email":""}],"name":"office-locations","path":"data/lat-lon.csv"}],"sources":[{"title":"","path":"","email":""}],"name":"one-csv-lat-lon"}