{"profile":"tabular-data-package","resources":[{"profile":"tabular-data-resource","encoding":"utf-8","schema":{"fields":[{"name":"Office","type":"string","format":"default","constraints":{"required":true}},{"name":"Location uri","type":"string","format":"uri","constraints":{"required":true},"description":"Location uri referencing the OpenStreetMap Nominatim service https://nominatim.openstreetmap.org"}],"missingValues":[""]},"sources":[{"title":"","path":"","email":""}],"format":"csv","mediatype":"text/csv","name":"office-locations","title":"Office Locations","path":"data/one-csv-location-uri.csv"}],"sources":[{"title":"","path":"","email":""}],"name":"one-csv-location-uri"}