{"profile":"tabular-data-package","resources":[{"profile":"tabular-data-resource","encoding":"utf-8","schema":{"fields":[{"name":"id","type":"integer","format":"default","title":"Identifier","description":"Unique Idenifier","constraints":{"required":true,"unique":true}},{"name":"code","type":"string","format":"default","title":"Code","description":"Secret Code"}],"missingValues":[""]},"format":"csv","mediatype":"text/csv","primaryKeys":["id"],"licenses":[{"name":"CC-BY-4.0","title":"Creative Commons Attribution 4.0","path":"https://creativecommons.org/licenses/by/4.0/"}],"sources":[{"title":"","path":"","email":""}],"name":"secret-things","title":"Secret Things","path":"data/secret-things.csv"},{"profile":"tabular-data-resource","encoding":"utf-8","schema":{"fields":[{"name":"code","type":"string","format":"default"},{"name":"description","type":"string","format":"default"}],"missingValues":[""]},"format":"csv","mediatype":"text/csv","primaryKeys":["code"],"licenses":[{"name":"CC-BY-4.0","title":"Creative Commons Attribution 4.0","path":"https://creativecommons.org/licenses/by/4.0/"}],"sources":[{"title":"","path":"","email":""}],"name":"secret-codes","title":"Secret Codes","description":"Very Secret Codes","path":"data/secret-codes.csv"}],"licenses":[{"name":"CC-BY-4.0","title":"Creative Commons Attribution 4.0","path":"https://creativecommons.org/licenses/by/4.0/"}],"sources":[{"title":"","path":"","email":""}],"name":"secrets","title":"Secrets","description":"My Secrets","version":"0.1.0"}