{"profile":"tabular-data-package","resources":[{"profile":"tabular-data-resource","encoding":"utf-8","schema":{"fields":[{"name":"Country","type":"string","format":"default","constraints":{"required":true}},{"name":"Theme","type":"string","format":"default","constraints":{"required":true}},{"name":"Activity","type":"string","format":"default","constraints":{"required":true}},{"name":"1-Initial","type":"integer","format":"default","constraints":{}},{"name":"2-Repeatable","type":"integer","format":"default"},{"name":"3-Defined","type":"integer","format":"default"},{"name":"4-Managed","type":"integer","format":"default"},{"name":"5-Optimising","type":"integer","format":"default"},{"name":"Completed","type":"integer","format":"default"},{"name":"Organisations","type":"integer","format":"default"}],"missingValues":[""]},"format":"csv","mediatype":"text/csv","licenses":[{"id":"CC-BY-SA-4.0","title":"Creative Commons Attribution Share-Alike 4.0","url":"https://creativecommons.org/licenses/by-sa/4.0/"}],"sources":[{"title":"","path":"","email":""}],"name":"all-organisations-by-country","path":"data/all_organisations_by_country.csv"}],"licenses":[{"id":"CC-BY-SA-4.0","title":"Creative Commons Attribution Share-Alike 4.0","url":"https://creativecommons.org/licenses/by-sa/4.0/"}],"sources":[{"title":"","path":"","email":""}],"name":"all-organisations-by-country"}