{"profile":"tabular-data-package","resources":[{"profile":"tabular-data-resource","encoding":"utf-8","schema":{"fields":[{"name":"a","type":"integer","format":"default","constraints":{"unique":true}},{"name":"b","type":"integer","format":"default","constraints":{"maximum":"4"}},{"name":"c","type":"integer","format":"default","constraints":{"required":true}}],"missingValues":[""]},"format":"csv","mediatype":"text/csv","licenses":[{"name":"pdm","title":"Public Domain Mark","path":"http://creativecommons.org/publicdomain/mark/1.0/"}],"sources":[{"title":"","path":"","email":""}],"name":"semi-colon-test","missing values":"na","path":"data/semi-colon.csv"}],"licenses":[{"name":"CC-BY-4.0","title":"Creative Commons Attribution 4.0","path":"https://creativecommons.org/licenses/by/4.0/"},{"name":"CC-BY-SA-4.0","title":"Creative Commons Attribution Share-Alike 4.0","path":"https://creativecommons.org/licenses/by-sa/4.0/"}],"sources":[{"title":"","path":"","email":""}],"name":"one-semi-colon-file","description":"a semi-colon separated value file with constraints"}