{"profile":"tabular-data-package","resources":[{"profile":"data-resource","encoding":"utf-8","schema":{"fields":[{"name":"a","type":"integer","format":"default"},{"name":"b","type":"integer","format":"default"},{"name":"c","type":"integer","format":"default"}]},"sources":[{"title":"","path":"","email":""}],"name":"csvdata","path":"data/a.csv"},{"profile":"tabular-data-resource","encoding":"utf-8","schema":{"fields":[{"name":"t","type":"integer","format":"default"},{"name":"s","type":"integer","format":"default"},{"name":"v","type":"integer","format":"default"}],"missingValues":[""]},"format":"csv","mediatype":"text/csv","sources":[{"title":"","path":"","email":""}],"name":"tsvdata","path":"data/b.tsv"}],"sources":[{"title":"","path":"","email":""}],"name":"test"}