{"profile":"tabular-data-package","resources":[{"profile":"tabular-data-resource","encoding":"utf-8","schema":{"fields":[{"name":"Office","type":"string","format":"default","constraints":{"required":true}},{"name":"Locations (Lon, Lat)","type":"geopoint","format":"default","constraints":{"required":true}}],"missingValues":[""]},"format":"csv","mediatype":"text/csv","licenses":[{"id":"CC-BY-4.0","title":"Creative Commons Attribution 4.0","url":"https://creativecommons.org/licenses/by/4.0/"}],"sources":[{"title":"totally fictitious ","path":"https://www.merriam-webster.com/dictionary/fictitious","email":""}],"name":"offices","title":"Office Locations","path":"data/office-locations.csv"}],"licenses":[{"id":"CC-BY-4.0","title":"Creative Commons Attribution 4.0","url":"https://creativecommons.org/licenses/by/4.0/"}],"sources":[{"title":"","path":"","email":""}],"name":"office-locations"}