{"profile":"tabular-data-package","resources":[{"profile":"tabular-data-resource","encoding":"utf-8","schema":{"fields":[{"name":"id","type":"integer","format":"default","constraints":{"required":true,"unique":true,"minimum":"1"},"title":"identifier","description":"product identifier"},{"name":"qty","type":"integer","format":"default","constraints":{"required":true,"minimum":"0"},"title":"quantity","description":"number of products in store"},{"name":"cost","type":"any","format":"default","constraints":{},"title":"unit cost","description":"cost of an individual product"},{"name":"desc","type":"string","format":"default","constraints":{},"title":"product description"}],"missingValues":[""]},"format":"csv","mediatype":"text/csv","licenses":[{"id":"CC-BY-4.0","title":"Creative Commons Attribution 4.0","url":"https://creativecommons.org/licenses/by/4.0/"}],"sources":[{"title":"","path":"","email":""}],"name":"inventory","title":"Inventory","primaryKeys":["id"],"description":"store inventory","path":"data/product_inventory.csv"}],"licenses":[{"id":"CC-BY-4.0","title":"Creative Commons Attribution 4.0","url":"https://creativecommons.org/licenses/by/4.0/"}],"sources":[{"title":"","path":"","email":""}],"name":"inventory","title":"store inventory","version":"0.0.1"}