{"profile":"tabular-data-package","resources":[{"profile":"tabular-data-resource","encoding":"utf-8","schema":{"fields":[{"name":"Office","type":"string","format":"default","constraints":{"required":true,"unique":true},"title":"Office"},{"name":"Locations [Lon, Lat]","type":"geopoint","format":"array","constraints":{"required":true}}],"missingValues":[""]},"format":"csv","mediatype":"text/csv","licenses":[{"id":"CC-BY-4.0","title":"Creative Commons Attribution 4.0","url":"https://creativecommons.org/licenses/by/4.0/"}],"sources":[{"title":"fictitious sources","path":"","email":"me@example.com"},{"title":"other sources","path":"","email":"you@example.com"}],"name":"offices","primaryKeys":["office"],"missing values":"na","path":"data/office-locations.csv"}],"licenses":[{"id":"CC-BY-4.0","title":"Creative Commons Attribution 4.0","url":"https://creativecommons.org/licenses/by/4.0/"}],"sources":[{"title":"","path":"","email":""}],"name":"office-locations","title":"Office Locations","description":"Office Locations as a Geopoint Array"}